"userid","data_to_parse"
"54f3ad9a29ada","""value"":""N;U;A7;W""}]"
"54f69f2de6aec","""value"":""N;U;I6;W""}]"
"54f650f004474","""value"":""Y;U;A7;W""}]"
"54f52e8872227","""value"":""N;U;I1;W""}]"
"54f64d3075b72","""value"":""Y;U;A7;W""}]"
"54f69dc01793f","""value"":""N;U;A1;W""}]"
"54f5d26833ce6","""value"":""N;U;A1;W""}]"
"54f52b1a7e647","""value"":""N;U;A4;W""}]"
"54f4ae7da8d01","""value"":""N;U;A1;W""}]"
"54f6290ca187d","""value"":""N;U;U;W""}]"
"54f4740d684aa","""value"":""N;U;A7;W""}]"
"54f600108ec82","""value"":""N;U;I1;W""}]"
"54f527b7537d5","""value"":""N;C;U;L""}]"
"54f2d1581522c","""value"":""N;U;A7;W""}]"
"54f364ed2670d","""value"":""N;U;I4;W""}]"
"54f5136f6ff21","""value"":""Y;U;A7;W""}]"
"54f63ff6cb0e9","""value"":""N;C;A1;L""}]"
"54f45ca0f0d15","""value"":""N;C;I4;L""}]"
"54f4c701e310c","""value"":""N;U;A7;W""}]"
"54f42bac0ec44","""value"":""N;U;A7;W""}]"
"54f3d494b0560","""value"":""N;C;A1;L""}]"
"54f6a429acd7f","""value"":""N;U;I3;W""}]"
"54f6046cb035e","""value"":""Y;U;A2;W""}]"
"54f5d25fd2c2f","""value"":""N;U;I4;W""}]"
"54f3f7e8ae757","""value"":""N;U;A7;W""}]"
"54f2ce8537a48","""value"":""Y;U;A1;W""}]"
"54f4ae68298a1","""value"":""N;U;A1;W""}]"
"54f433b605c3c","""value"":""N;U;A7;W""}]"
"54f63f695466a","""value"":""N;U;I1;W""}]"
"54f51032c7154","""value"":""N;U;A7;L""}]"
"54f3bed816743","""value"":""N;U;A7;W""}]"
"54f6a37937900","""value"":""N;U;I1;W""}]"
"54f5ee0fe025f","""value"":""N;U;I2;W""}]"
"54f657ae1b7ce","""value"":""N;U;A7;W""}]"
"54f4ebaf7763a","""value"":""N;U;A3;W""}]"
"54f52788859ee","""value"":""N;U;A2;W""}]"
"54f4b540f056b","""value"":""Y;U;A1;W""}]"
"54f4f497957db","""value"":""N;C;I2;L""}]"
"54f3a0bfc0b53","""value"":""N;U;A7;W""}]"
"54f54b172a04d","""value"":""N;B;A7;W""}]"
"54f68d9865a3a","""value"":""N;U;U;W""}]"
"54f60b9a0445d","""value"":""N;C;I1;L""}]"
"54f3b1e16aa04","""value"":""N;U;A1;W""}]"
"54f4e35b1d9a2","""value"":""Y;U;A1;W""}]"
"54f3955834a3a","""value"":""N;U;I3;L""}]"
"54f3a489124a4","""value"":""N;U;A2;W""}]"
"54f6a076d835e","""value"":""N;U;A4;W""}]"
"54f456e2bd93d","""value"":""Y;U;A4;W""}]"
"54f32bd9394fd","""value"":""N;C;I4;L""}]"
"54f47bc5b39c5","""value"":""N;U;A1;W""}]"
"54f4840830689","""value"":""N;U;A7;W""}]"
"54f63677744e4","""value"":""N;U;U;W""}]"
"54f4f6d8c0dc8","""value"":""N;C;A7;L""}]"
"54f4bee7b972b","""value"":""N;C;A1;L""}]"
"54f68239f236d","""value"":""N;U;A6;W""}]"
"54f4115aa8d6e","""value"":""N;U;A7;W""}]"
"54f4ec1babd22","""value"":""N;U;A7;W""}]"
"54f3f0f95413e","""value"":""N;U;A5;W""}]"
"54f3b7559545c","""value"":""N;U;A7;W""}]"
"54f4ba6c5873c","""value"":""N;U;I5;W""}]"
"54f4f9abab13d","""value"":""N;U;U;W""}]"
"54f381948be4a","""value"":""N;U;I1;W""}]"
"54f3d8c56b267","""value"":""Y;U;A7;W""}]"
"54f4a5eaaa219","""value"":""N;U;A4;W""}]"
"54f52728d332d","""value"":""N;U;A1;W""}]"
"54f45bde93f4e","""value"":""N;U;I4;W""}]"
"54f3f1c8d0ac9","""value"":""N;U;A7;W""}]"
"54f3501962a09","""value"":""N;U;A7;W""}]"
"54f5d3f16aa23","""value"":""N;U;A5;W""}]"
"54f4c1cd16567","""value"":""N;U;I4;W""}]"
"54f3b10f8d828","""value"":""N;U;A7;W""}]"
"54f34b8d290d4","""value"":""Y;U;A7;W""}]"
"54f39dd9d94c9","""value"":""N;U;A7;W""}]"
"54e94265e430d","""value"":""N;C;I3;L""}]"
"54f4a19ea58ed","""value"":""N;U;I2;W""}]"
"54f3eb5418777","""value"":""N;U;A1;W""}]"
"54f4d69a1de0a","""value"":""N;C;I1;L""}]"
"54f4aafe72296","""value"":""N;U;A7;W""}]"
"54f697312cfa8","""value"":""N;C;A1;L""}]"
"54f66cea9d701","""value"":""N;U;I2;W""}]"
"54f6344658367","""value"":""N;U;A5;W""}]"
"54f34af0623ad","""value"":""N;U;I2;W""}]"
"54f4aca635d14","""value"":""N;U;I1;W""}]"
"54f5e7f3ce59a","""value"":""N;B;A7;L""}]"
"54f5efb2c3c04","""value"":""Y;U;A4;W""}]"
"54f469e2adbdb","""value"":""N;U;A3;W""}]"
"54f694e21008a","""value"":""N;U;A7;W""}]"
"54911d0549918","""value"":""N;U;A7;W""}]"
"54f51d159e92c","""value"":""N;U;A7;W""}]"
"54f4b4302e57a","""value"":""N;U;A5;W""}]"
"54f4a812d6440","""value"":""N;C;A7;L""}]"
"54f48dc316283","""value"":""N;U;A7;W""}]"
"54f15f2310769","""value"":""N;U;A4;W""}]"
"54f4717ea04fd","""value"":""N;U;A4;W""}]"
"54f67c82dbb7e","""value"":""N;U;A7;W""}]"
"54f6296f5db38","""value"":""N;C;A7;L""}]"
"54f5438f8cc1b","""value"":""N;U;A7;W""}]"
"54f3b26edb8bf","""value"":""N;C;I6;L""}]"
"54f2e080e3112","""value"":""Y;U;A7;W""}]"
"54f55452027df","""value"":""N;U;A7;W""}]"
"54f47d81003dc","""value"":""Y;U;A7;W""}]"
"54f47fedb6d22","""value"":""N;U;I3;L""}]"
"54f518f8706ab","""value"":""N;C;A7;L""}]"
"54f53ab393a1e","""value"":""N;U;A7;W""}]"
"54f48c61bd784","""value"":""Y;U;A1;W""}]"
"54f52398d8095","""value"":""N;U;A3;W""}]"
"54f49772e4958","""value"":""N;C;I4;L""}]"
"54f5ebbd781b0","""value"":""N;C;I1;L""}]"
"54f5da34bc800","""value"":""N;C;A7;L""}]"
"54f6226294677","""value"":""N;C;I4;L""}]"
"54f683481b96e","""value"":""N;U;A7;W""}]"
"54f37529e932a","""value"":""N;U;U;W""}]"
"54f510a48475c","""value"":""N;C;U;L""}]"
"54b73284287a5","""value"":""N;U;A7;W""}]"
"54f3727b6af8a","""value"":""N;U;I1;L""}]"
"54f3346133bd6","""value"":""N;U;A7;W""}]"
"54f5175607663","""value"":""Y;U;A7;W""}]"
"54f49c300b8e0","""value"":""N;C;I1;L""}]"
"54f4f1d51cf17","""value"":""N;U;A4;W""}]"
"54f4f594be766","""value"":""N;U;A2;L""}]"
"54f47feab7072","""value"":""N;U;I1;W""}]"
"54f30d4a7ee36","""value"":""N;U;A7;W""}]"
"54f5d220c9fcc","""value"":""N;C;A7;L""}]"
"54f332333d462","""value"":""N;U;I5;W""}]"
"54f34e6f780d3","""value"":""N;U;I4;W""}]"
"54f5af6c33499","""value"":""N;U;A7;W""}]"
"54f615963e53a","""value"":""N;U;A7;W""}]"
"54f3e67b39754","""value"":""N;U;I3;W""}]"
"54f5c62c262c7","""value"":""N;U;I1;L""}]"
"54f5bbdc8511d","""value"":""N;U;A7;W""}]"
"54f4b6d492d2d","""value"":""Y;U;A2;W""}]"
"54f3638e4bb0d","""value"":""N;U;A7;L""}]"
"54f339f3c92fa","""value"":""N;B;I1;L""}]"
"54f6245da6e23","""value"":""N;U;A7;W""}]"
"54f40be7dafdd","""value"":""N;U;I5;W""}]"
"54f3bb2e454ed","""value"":""N;U;I1;W""}]"
"54f3737ebc13b","""value"":""N;U;I4;W""}]"
"54f38fb8f1ded","""value"":""N;U;A7;W""}]"
"54f557345761d","""value"":""N;U;A5;W""}]"
"54f3f745a3848","""value"":""Y;U;A1;W""}]"
"54f66ba16a841","""value"":""N;C;A1;L""}]"
"54f6334fe0b08","""value"":""N;U;I2;W""}]"
"54f6abc2e2338","""value"":""N;U;I4;W""}]"
"54f5425f5bcfd","""value"":""N;U;A7;W""}]"
"54f4ff81bad47","""value"":""N;U;A7;W""}]"
"54f33e553bd62","""value"":""N;U;A7;W""}]"
"54f64e064a1a9","""value"":""N;U;A1;W""}]"
"54f5ea2771c5a","""value"":""N;C;A7;L""}]"
"54f4a683952fc","""value"":""N;U;A4;L""}]"
"54f681fa62aac","""value"":""N;U;A1;W""}]"
"54f5dacd6f0b0","""value"":""N;U;U;L""}]"
"54f430b8bd91c","""value"":""N;U;U;W""}]"
"54f68c69c0bfc","""value"":""N;C;I4;L""}]"
"54f52295e34e3","""value"":""N;U;A7;W""}]"
"54f4761b85e92","""value"":""N;U;I1;W""}]"
"54f682de5b66f","""value"":""N;C;A7;L""}]"
"54f35fa11ac7d","""value"":""N;C;A7;L""}]"
"54f3e04de9564","""value"":""N;U;A1;L""}]"
"54f49196e54e4","""value"":""N;U;A2;L""}]"
"54f60a625ed61","""value"":""N;U;A7;W""}]"
"54f4b71f930e3","""value"":""N;U;A7;W""}]"
"54f5256a6b51a","""value"":""N;C;A4;L""}]"
"54f3c44bb6958","""value"":""N;U;A7;W""}]"
"54f38cdd51e8a","""value"":""N;U;A7;W""}]"
"54f4e593a1d5d","""value"":""Y;U;A1;W""}]"
"54f34d6c1e2dc","""value"":""N;U;A7;W""}]"
"54f4bb3b54c66","""value"":""N;C;I5;W""}]"
"54f50b3b1d7f1","""value"":""N;C;A7;L""}]"
"54f51a3a20c56","""value"":""N;U;A3;W""}]"
"54f66af413e31","""value"":""N;U;A7;W""}]"
"54f35d8f839b1","""value"":""N;U;A7;W""}]"
"54f2e95c61b6b","""value"":""Y;U;A1;W""}]"
"54f3dcfd10da0","""value"":""N;U;A1;W""}]"
"54f54547cf0af","""value"":""N;U;A5;W""}]"
"54f4856aca40d","""value"":""Y;U;A3;W""}]"
"54f37f9228386","""value"":""N;U;A7;W""}]"
"54ea2eae00c58","""value"":""N;C;A1;L""}]"
"54f4a3284c20c","""value"":""N;C;I5;L""}]"
"54f34a06b14b6","""value"":""N;U;A5;W""}]"
"54f4a0774a03a","""value"":""N;U;A7;W""}]"
"54f63eb51f285","""value"":""N;U;A4;L""}]"
"54f527111562b","""value"":""N;U;A7;W""}]"
"54f5f741920df","""value"":""N;U;A7;W""}]"
"54f646d295888","""value"":""N;U;A7;W""}]"
"54f3d6749f83d","""value"":""N;U;A7;W""}]"
"54f540047b5a5","""value"":""N;C;A7;L""}]"
"54f4d5eca1ca2","""value"":""N;U;A2;W""}]"
"54f45ca307b2d","""value"":""N;U;A7;W""}]"
"54f523fe81b24","""value"":""N;B;I1;L""}]"
"54f54448426d2","""value"":""N;U;A7;W""}]"
"54f3998736686","""value"":""N;U;A3;W""}]"
"54f685af34fc2","""value"":""Y;U;A7;W""}]"
"54f67734709b9","""value"":""Y;U;A1;W""}]"
"54f65cfda05cd","""value"":""N;U;A7;W""}]"
"54f356c1312f4","""value"":""N;U;A7;L""}]"
"54f3782ece2c3","""value"":""N;U;A7;W""}]"
"54f680dbaef58","""value"":""N;U;A7;W""}]"
"54f5fa11df1bb","""value"":""N;U;A5;W""}]"
"54f341eb6b6a7","""value"":""Y;U;A7;W""}]"
"54f6169b2fbf2","""value"":""N;U;I2;W""}]"
"54f5441f5e1f1","""value"":""N;U;A7;W""}]"
"54f3af3353140","""value"":""N;U;I4;L""}]"
"54f4509a116d7","""value"":""N;U;A7;W""}]"
"54f4d9cf230fd","""value"":""N;U;A7;W""}]"
"54f5dfc71c275","""value"":""N;U;A7;W""}]"
"54f46a863d00b","""value"":""N;U;A7;W""}]"
"54f3e95f7a781","""value"":""N;U;A7;W""}]"
"54f3a4f599f63","""value"":""N;U;A5;W""}]"
"54f362e352d86","""value"":""N;U;I2;W""}]"
"54f677fd56709","""value"":""N;U;A3;W""}]"
"54f696c39c96d","""value"":""N;U;A7;W""}]"
"54f6207fc25e5","""value"":""N;C;A7;L""}]"
"54f4957bb26da","""value"":""Y;U;A1;W""}]"
"54f5e7057c9e2","""value"":""Y;U;A1;W""}]"
"54f67a076b19d","""value"":""Y;U;A1;W""}]"
"54f6947c6853a","""value"":""N;C;A1;L""}]"
"54f425cf44371","""value"":""N;C;A7;L""}]"
"54f4961c7fa83","""value"":""N;U;A7;L""}]"
"54f47db6dad6e","""value"":""N;U;A1;W""}]"
"54f4e86775870","""value"":""N;U;I2;W""}]"
"54f54211451bf","""value"":""N;U;A7;W""}]"
"54f3f04fe9d65","""value"":""N;U;A7;W""}]"
"54edebdd83abd","""value"":""N;U;A5;W""}]"
"54f3815b06322","""value"":""N;U;A2;W""}]"
"54f4e123ae439","""value"":""N;U;A7;W""}]"
"54f417d40276a","""value"":""Y;U;A7;W""}]"
"54f45e082f67e","""value"":""Y;U;A6;W""}]"
"54f3bdffa11b1","""value"":""N;U;A3;W""}]"
"54f54b478ebf5","""value"":""N;U;I5;W""}]"
"54f4a6dbf1326","""value"":""N;U;A6;W""}]"
"54f32b6ce770b","""value"":""N;C;A7;L""}]"
"54f348a2533cc","""value"":""N;C;A7;L""}]"
"54f420e5008fd","""value"":""Y;U;A4;W""}]"
"54f510942193a","""value"":""N;U;A7;W""}]"
"54f67bbb5ab2c","""value"":""N;U;A7;W""}]"
"54f350ee40cb2","""value"":""N;C;A7;L""}]"
"54f35ed182a8f","""value"":""N;U;A7;W""}]"
"54f4c2daa3979","""value"":""Y;U;A7;W""}]"
"54f31414af0fb","""value"":""N;U;I4;W""}]"
"54f4bbfa655cb","""value"":""N;C;A5;L""}]"
"54f3d3727d7f6","""value"":""N;U;A7;W""}]"
"54f472066fff8","""value"":""Y;U;A7;W""}]"
"54f347e8909be","""value"":""N;U;I5;W""}]"
"54f2f174538fb","""value"":""N;C;A7;L""}]"
"54f36cd101114","""value"":""Y;U;A7;W""}]"
"54f64a263e79f","""value"":""N;C;A7;L""}]"
"54f4f821950cc","""value"":""N;U;A7;W""}]"
"54f695295321f","""value"":""N;U;I1;W""}]"
"54f521d9d1373","""value"":""N;U;A7;W""}]"
"54f66ede35e55","""value"":""N;U;A1;W""}]"
"54f489b3a8fda","""value"":""N;U;A7;W""}]"
"54f67369c6242","""value"":""N;U;A7;L""}]"
"54f5399875ec5","""value"":""N;U;I6;L""}]"
"54f52a167684a","""value"":""N;U;I1;W""}]"
"54f44df327df3","""value"":""N;U;A7;W""}]"
"54f3f736cf3d6","""value"":""N;C;I4;L""}]"
"54f61ad0dd34f","""value"":""N;U;A7;W""}]"
"54f54097a01fc","""value"":""N;U;A5;W""}]"
"54f43c5953448","""value"":""N;U;A3;W""}]"
"54f684909b0e8","""value"":""N;U;A7;W""}]"
"54f569f8ac244","""value"":""N;U;A7;W""}]"
"54f5eb94c9609","""value"":""N;U;A7;L""}]"
"54f66724111fa","""value"":""Y;U;A7;W""}]"
"54f3703c8846e","""value"":""N;U;A5;W""}]"
"54f4f74965cf4","""value"":""N;U;I1;W""}]"
"54f4e0dfc9d3b","""value"":""N;U;A7;W""}]"
"54f50b0aaa5bd","""value"":""N;C;I4;L""}]"
"54f4ab85255f5","""value"":""N;U;A2;W""}]"
"54f34f7ef0a50","""value"":""N;U;A7;W""}]"
"54f3ca0f74fa6","""value"":""N;U;A7;W""}]"
"54f52f1855202","""value"":""N;U;U;W""}]"
"54f5eca71f252","""value"":""Y;U;A1;W""}]"
"54f692016ddf4","""value"":""N;U;A5;W""}]"
"54f3dd41da192","""value"":""N;U;U;L""}]"
"54f3ffc3e275f","""value"":""N;U;A5;W""}]"
"54f5b8a186b98","""value"":""N;U;A7;W""}]"
"54f3e3ea91115","""value"":""Y;U;A1;W""}]"
"54f4ac3ed3ed3","""value"":""N;U;A7;W""}]"
"54f5db5d4b272","""value"":""N;U;I1;W""}]"
"54f3ed093b61c","""value"":""N;U;A7;W""}]"
"54f3f9b378a96","""value"":""N;U;A6;W""}]"
"54f5004e53e40","""value"":""N;U;A4;W""}]"
"54f631a64e8c4","""value"":""N;U;A7;W""}]"
"54f3aca10549d","""value"":""N;U;A5;W""}]"
"54f4f37de65c2","""value"":""N;U;A4;W""}]"
"54f436d93383e","""value"":""N;U;A4;W""}]"
"54f5bbac3c4ac","""value"":""N;U;A7;W""}]"
"54f668634127d","""value"":""Y;U;A7;W""}]"
"54f2c50a9cf90","""value"":""Y;U;A1;W""}]"
"54f4c31d02b15","""value"":""N;U;A4;W""}]"
"54f68d39d3860","""value"":""N;C;A7;L""}]"
"54f5d8d3b9c82","""value"":""N;U;A7;W""}]"
"54f3222a36278","""value"":""N;U;A7;W""}]"
"54f3d38943405","""value"":""N;U;I5;W""}]"
"54f661908c5fa","""value"":""N;U;I2;W""}]"
"54f5c9c832b54","""value"":""N;C;A6;L""}]"
"54f3492230084","""value"":""N;U;I4;W""}]"
"54f6bb30cbdd6","""value"":""N;U;A7;W""}]"
"54f5a05425f87","""value"":""N;U;A7;W""}]"
"54ee08249f00b","""value"":""N;U;A7;W""}]"
"54f47beea49c4","""value"":""N;U;A3;W""}]"
"54f40197f2891","""value"":""N;U;A7;W""}]"
"54f498e51b94d","""value"":""Y;U;A7;W""}]"
"54dbebff6ea88","""value"":""Y;U;A4;W""}]"
"54f67c423a94a","""value"":""N;U;A5;W""}]"
"54f5220754e90","""value"":""N;U;I3;W""}]"
"54f4ab62d2044","""value"":""N;C;A6;L""}]"
"54f5de2371b76","""value"":""N;U;A4;W""}]"
"54f661861b726","""value"":""N;U;A6;W""}]"
"54da9ab7a0166","""value"":""Y;U;A7;W""}]"
"54e1637578645","""value"":""N;U;A7;W""}]"
"54f4b7f1a41c0","""value"":""N;U;I4;W""}]"
"54f39d0c8f635","""value"":""N;U;A7;W""}]"
"54d953acad965","""value"":""N;U;A1;W""}]"
"54f53c72e15cb","""value"":""N;U;A6;W""}]"
"54f5ab79024dc","""value"":""Y;U;A5;W""}]"
"54f3944f5d84b","""value"":""Y;U;A7;W""}]"
"54f4ec09a5591","""value"":""N;U;A4;W""}]"
"54f3e1cf4998c","""value"":""N;U;A4;W""}]"
"54f47d5a672b5","""value"":""Y;U;A4;W""}]"
"54f4e91e846c0","""value"":""N;U;A4;W""}]"
"54f4797d432d8","""value"":""N;U;A7;W""}]"
"54f62f0ce4242","""value"":""N;U;A7;W""}]"
"54f3a75e8765e","""value"":""N;U;A7;W""}]"
"54f2fe46c4a0a","""value"":""N;U;A5;W""}]"
"54f47a7f51db7","""value"":""N;U;I2;L""}]"
"54f5fba6adfea","""value"":""N;C;I2;L""}]"
"54f52d56c408f","""value"":""N;U;A7;W""}]"
"54f50e33c5bc8","""value"":""N;U;A3;W""}]"
"54f4f6efde828","""value"":""N;U;A2;W""}]"
"54f4f4ef6cd67","""value"":""N;U;A7;W""}]"
"54f3d1063cf5d","""value"":""N;U;I6;W""}]"
"54f3b129004be","""value"":""N;U;A7;W""}]"
"54f48b5cec06b","""value"":""Y;U;A5;W""}]"
"54f4ed3188961","""value"":""N;U;I1;L""}]"
"54f525dd35683","""value"":""N;U;A7;W""}]"
"54f5d84a1aa0e","""value"":""N;U;A7;W""}]"
"54f685af433d9","""value"":""N;U;U;W""}]"
"54f4c1ca2db9a","""value"":""N;U;I1;W""}]"
"54f4c0e397966","""value"":""N;U;I6;W""}]"
"54f3d4706b6c3","""value"":""N;U;A7;W""}]"
"54f462dde7c61","""value"":""Y;U;A6;W""}]"
"54f6592f21ad3","""value"":""Y;U;A1;W""}]"
"54f680420a813","""value"":""N;U;A7;W""}]"
"54f3b1b48b252","""value"":""N;U;I4;W""}]"
"54f375d01f95d","""value"":""N;U;A4;W""}]"
"54f3683659bc5","""value"":""Y;U;A7;W""}]"
"54f4ae7779d9e","""value"":""Y;U;A3;W""}]"
"54f3dfeb5364e","""value"":""N;U;A7;W""}]"
"54f5b7eb21a6d","""value"":""N;U;A7;W""}]"
"54f4645065fff","""value"":""N;U;I1;W""}]"
"54f62542099e4","""value"":""N;U;A7;W""}]"
"54f68adb75e56","""value"":""N;U;U;W""}]"
"54f4901c2f5b3","""value"":""N;U;A7;W""}]"
"54f4bfc0c0127","""value"":""N;U;A4;W""}]"
"54f62b9343497","""value"":""N;U;A7;L""}]"
"54f39eaee64fd","""value"":""Y;U;A7;W""}]"
"54f628d21c642","""value"":""N;U;A7;W""}]"
"54f3a384aa913","""value"":""N;U;A1;W""}]"
"54f4e1063b8ec","""value"":""N;U;A2;W""}]"
"54f3ff10a7e13","""value"":""N;U;I1;W""}]"
"54f4d8eaec305","""value"":""Y;U;A1;W""}]"
"54f640104e723","""value"":""N;U;U;L""}]"
"54f49cf68b0a5","""value"":""N;U;A7;W""}]"
"54f5fae237637","""value"":""N;U;A7;W""}]"
"54f4951f4b74c","""value"":""N;U;I2;W""}]"
"54f59f5d3a2e4","""value"":""Y;U;A1;W""}]"
"54f4c56b159a1","""value"":""N;U;A7;W""}]"
"54f4d6dc374cb","""value"":""N;U;A4;W""}]"
"54f36e8dc7429","""value"":""Y;U;A1;W""}]"
"54f34d6b32a69","""value"":""N;U;A4;W""}]"
"54f56c82c6110","""value"":""N;U;I6;W""}]"
"54f4801643b4f","""value"":""Y;U;A7;W""}]"
"54f5e6edd6123","""value"":""N;U;I2;L""}]"
"54f5064548f25","""value"":""N;U;A7;W""}]"
"54f49bbe5bd9d","""value"":""N;C;A7;L""}]"
"54f3f71a522e1","""value"":""N;U;I2;W""}]"
"54f48bf2c1e74","""value"":""N;U;A7;W""}]"
"54f54943b36b1","""value"":""N;C;I2;L""}]"
"54f623486ccba","""value"":""N;U;I2;W""}]"
"54f68adbbd32e","""value"":""N;U;U;W""}]"
"54f4d0eed1279","""value"":""N;U;U;W""}]"
"54f4e7bfd3a67","""value"":""N;C;A3;L""}]"
"54f68a79830f4","""value"":""N;U;A7;W""}]"
"54f47b8d4d301","""value"":""N;U;A7;W""}]"
"54f60395a247e","""value"":""N;U;A2;W""}]"
"54f3bf7a4b54f","""value"":""N;U;A2;W""}]"
"54f49c28caf0f","""value"":""N;U;A7;W""}]"
"54f5e750981a0","""value"":""N;U;A7;W""}]"
"54f5247b33e8f","""value"":""N;U;A7;W""}]"
"54f6202a8d4f5","""value"":""N;C;A3;L""}]"
"54f67b23121a5","""value"":""N;U;A6;W""}]"
"54f543fee1764","""value"":""N;U;A1;L""}]"
"54f394eb8fc0c","""value"":""Y;U;A1;W""}]"
"54f51b4357993","""value"":""N;C;A7;L""}]"
"54f48e6a3d75c","""value"":""N;C;A7;L""}]"
"54f38d1650d39","""value"":""N;C;A6;L""}]"
"54f644eda35a0","""value"":""Y;U;A7;W""}]"
"54f41981c10b7","""value"":""Y;U;A5;W""}]"
"54f69dda95167","""value"":""Y;U;A4;W""}]"
"54f668a7a6c61","""value"":""N;U;A7;W""}]"
"54f47f1f1ba67","""value"":""N;U;A7;W""}]"
"54f3ede08959e","""value"":""N;U;A7;W""}]"
"54f5bab4597cf","""value"":""N;U;A5;W""}]"
"54f46690ea3aa","""value"":""N;U;A7;W""}]"
"54f539581a1ec","""value"":""N;U;I5;W""}]"
"54f3d4d02672f","""value"":""N;U;A7;W""}]"
"54f47de1376b8","""value"":""N;U;I4;W""}]"
"54f2d7f39152d","""value"":""N;U;A4;W""}]"
"54f3c747b7de3","""value"":""N;U;A7;W""}]"
"54f364d6dcb80","""value"":""N;U;A1;W""}]"
"54f676c72466b","""value"":""Y;U;A2;W""}]"
"54f3dd959fce3","""value"":""N;U;A7;W""}]"
"54f3af4d86f6c","""value"":""N;U;I5;W""}]"
"54f3509da612e","""value"":""N;U;A7;W""}]"
"54f49ae90dd57","""value"":""N;U;A7;W""}]"
"54f4d06a56a95","""value"":""N;U;I5;W""}]"
"54f548b598d60","""value"":""N;U;A7;W""}]"
"54f680d9a1417","""value"":""Y;U;A1;W""}]"
"54f4be8995d4e","""value"":""Y;U;A7;W""}]"
"54f534dc9f406","""value"":""N;U;A7;W""}]"
"54dd70f427817","""value"":""N;C;I3;L""}]"
"54f5db6e9b7ed","""value"":""N;U;A7;W""}]"
"54f685853c285","""value"":""N;U;A7;W""}]"
"54f69fe0c938d","""value"":""N;U;U;L""}]"
"54f394ce96563","""value"":""N;C;I4;L""}]"
"54f52113114fa","""value"":""N;U;I1;W""}]"
"54f52cf53acdc","""value"":""N;U;A7;W""}]"
"54f37d8e8fb5c","""value"":""Y;U;A7;W""}]"
"54f46b1f74133","""value"":""N;U;A6;W""}]"
"54f51e44c4470","""value"":""Y;U;A6;W""}]"
"54f3df204687d","""value"":""N;C;I1;L""}]"
"54f55a8737ebe","""value"":""Y;U;A7;W""}]"
"54f389460dcf3","""value"":""N;U;A7;W""}]"
"54f3e6aa6def9","""value"":""N;U;I1;W""}]"
"54f6aa13d6559","""value"":""N;U;A7;W""}]"
"54f38c2884dc7","""value"":""N;C;A6;L""}]"
"54f50903a05e4","""value"":""N;U;I5;W""}]"
"54f4c911770e9","""value"":""N;C;A7;L""}]"
"54f3a4a47f573","""value"":""N;U;A5;W""}]"
"54f3b17f7da42","""value"":""N;C;A7;L""}]"
"54f34a9c5a1cb","""value"":""N;U;I1;W""}]"
"54f53fce25779","""value"":""N;U;A7;W""}]"
"54f4768f2a353","""value"":""N;U;A7;W""}]"
"54f5d290951a1","""value"":""Y;U;A1;W""}]"
"54f39293bbadd","""value"":""N;U;I2;W""}]"
"54f4e5bd514de","""value"":""Y;U;A1;W""}]"
"54f35490b3e8e","""value"":""N;U;A7;W""}]"
"54f36802540f1","""value"":""N;C;A7;L""}]"
"54f3ef08e2d55","""value"":""N;U;A7;W""}]"
"54f66e1298921","""value"":""N;U;A4;W""}]"
"54f52c6e0dc5d","""value"":""N;U;A3;W""}]"
"54f6711743161","""value"":""Y;U;A3;W""}]"
"54f5eec3c308c","""value"":""N;C;U;L""}]"
"54f49b04877b3","""value"":""N;U;I4;W""}]"
"54f663a0e56a1","""value"":""N;U;A7;W""}]"
"54f3da7648fff","""value"":""N;U;I1;W""}]"
"54f346d3758ac","""value"":""N;U;A7;W""}]"
"54f49b8937e28","""value"":""N;U;A7;W""}]"
"54f6b646ca71d","""value"":""N;C;A1;L""}]"
"54f6b37f8d645","""value"":""N;U;A7;W""}]"
"54f6459af130d","""value"":""N;U;I4;W""}]"
"54f5cdb79f9c4","""value"":""N;C;I5;L""}]"
"54f3bf8000f55","""value"":""N;U;A7;W""}]"
"54f41c4fa5feb","""value"":""N;U;A7;W""}]"
"54f534e74d7c1","""value"":""Y;U;A7;W""}]"
"54f39dd71ab9a","""value"":""Y;U;A7;W""}]"
"54f54cbfd6e50","""value"":""N;U;A7;W""}]"
"54f3cce221a80","""value"":""N;U;A7;W""}]"
"54f46775e8405","""value"":""N;U;I1;W""}]"
"54f538a1af491","""value"":""N;U;A7;W""}]"
"54f5a304aed3c","""value"":""N;U;A7;W""}]"
"54f3f664ee34d","""value"":""N;U;I1;W""}]"
"54f5dfa105ab4","""value"":""Y;U;A5;W""}]"
"54f3e989f0bad","""value"":""N;U;A6;W""}]"
"54f2ce9ee1f4c","""value"":""N;U;A3;W""}]"
"54f3fe8ca2dc3","""value"":""N;U;I5;L""}]"
"54f47cdd73e9d","""value"":""N;C;A4;L""}]"
"54f6725b1d6e3","""value"":""Y;U;A2;W""}]"
"54f4b15c55b17","""value"":""N;U;I1;W""}]"
"54f4d0fba4126","""value"":""N;C;A7;L""}]"
"54f5e71259a0e","""value"":""N;U;A7;W""}]"
"54f693dce56e9","""value"":""N;U;I4;W""}]"
"54f48a1fb7d8a","""value"":""N;U;A7;W""}]"
"54f52f515fe66","""value"":""Y;U;A1;W""}]"
"54f59bcf09322","""value"":""N;U;I2;W""}]"
"54f409e0e632f","""value"":""N;U;A5;W""}]"
"54f3e72b6141a","""value"":""N;C;A4;L""}]"
"54f3ceecce155","""value"":""Y;U;A7;W""}]"
"54f407837189f","""value"":""N;U;A7;W""}]"
"54f5272cb4fbf","""value"":""N;C;I2;L""}]"
"54f458563b931","""value"":""N;U;I1;W""}]"
"54f4e42f0101e","""value"":""Y;B;A7;W""}]"
"54f3a012c8cfa","""value"":""N;C;A7;L""}]"
"54f3faa028b03","""value"":""Y;U;A1;W""}]"
"54f32678d83d4","""value"":""N;C;A7;L""}]"
"54f3d39e1899f","""value"":""Y;U;A7;W""}]"
"54f53b5bb766d","""value"":""N;U;A7;W""}]"
"54f51fcde90da","""value"":""N;U;I4;W""}]"
"54f69b8581b57","""value"":""Y;U;A1;W""}]"
"54f4fd624e8b4","""value"":""N;U;A7;W""}]"
"54f4aa1db9234","""value"":""N;U;I1;W""}]"
"54f38bd2a9a35","""value"":""N;U;A7;W""}]"
"54f549470c79d","""value"":""N;U;I2;W""}]"
"54f64ec7de62b","""value"":""N;U;A7;W""}]"
"54f4edf214341","""value"":""N;U;A7;W""}]"
"54ce3686a1fe6","""value"":""N;U;A4;W""}]"
"54f63252ef62c","""value"":""Y;U;A1;W""}]"
"54f65a1d00302","""value"":""N;C;A3;L""}]"
"54f3e30083baf","""value"":""N;U;A5;W""}]"
"54f422976a0a9","""value"":""N;U;I5;L""}]"
"54f675dd6437c","""value"":""Y;U;A5;W""}]"
"54f67ce3b77dc","""value"":""Y;U;A1;W""}]"
"54f3b2e96934c","""value"":""N;U;A7;W""}]"
"54f67e06d552b","""value"":""N;U;A7;W""}]"
"54f369e9eaf95","""value"":""N;U;I2;W""}]"
"54f51a08b1867","""value"":""N;U;I2;L""}]"
"54f48be9cd5d8","""value"":""N;U;A7;W""}]"
"54f5da16ed2a7","""value"":""N;U;A7;W""}]"
"54f3d5a79353d","""value"":""N;U;A7;W""}]"
"54f4bbe510139","""value"":""N;U;U;W""}]"
"54f3d90a61b8a","""value"":""N;U;A7;W""}]"
"54f48616b763d","""value"":""N;U;I4;W""}]"
"54f388f6cf0af","""value"":""Y;U;A7;W""}]"
"54f6ba2faf241","""value"":""N;U;A7;W""}]"
"54f3f44e6d8c5","""value"":""N;U;U;W""}]"
"54f53c401a583","""value"":""N;U;A7;W""}]"
"54f622b0b4d89","""value"":""N;C;A5;L""}]"
"54f69c7f522b5","""value"":""N;U;A7;W""}]"
"54baee8529395","""value"":""N;U;A5;W""}]"
"54f48c3f7f929","""value"":""N;C;I6;L""}]"
"54f60e698fa48","""value"":""N;U;A7;W""}]"
"54f4a086cf105","""value"":""N;U;A7;W""}]"
"54f32122a6584","""value"":""N;U;I5;W""}]"
"54f6a3a3abc58","""value"":""N;C;A1;L""}]"
"54f517e8c1667","""value"":""N;U;A2;L""}]"
"54f3def89d2f8","""value"":""N;U;A1;W""}]"
"54f50b853610a","""value"":""N;U;A7;W""}]"
"54f35f078475e","""value"":""N;U;A7;W""}]"
"54f6799b3a934","""value"":""N;U;A2;W""}]"
"54f6827dbe20c","""value"":""N;U;A7;W""}]"
"54ee449a533f0","""value"":""N;U;A7;L""}]"
"54f3dc9b120c1","""value"":""N;U;I2;W""}]"
"54f3e2aa0892f","""value"":""N;U;A7;W""}]"
"54f4ffd769213","""value"":""Y;U;A7;W""}]"
"54f35b12951cf","""value"":""N;U;A7;W""}]"
"54f4ac018bcea","""value"":""N;U;A2;W""}]"
"54f52e53a99ee","""value"":""N;U;A4;W""}]"
"54f36223e0757","""value"":""Y;U;A7;W""}]"
"54f676dd85692","""value"":""N;U;I3;W""}]"
"54f5afec19e58","""value"":""N;C;A2;L""}]"
"54f5bbd89b788","""value"":""N;U;A7;L""}]"
"54f4a0676d2ec","""value"":""N;U;A3;W""}]"
"54f676cfb9f23","""value"":""N;U;A7;W""}]"
"54f6499a6e260","""value"":""N;U;I2;W""}]"
"54f3b459f2aac","""value"":""N;U;A7;W""}]"
"54f67c70dc6be","""value"":""N;U;A3;W""}]"
"54f63f3519028","""value"":""N;U;A7;W""}]"
"54f541cc0f519","""value"":""N;U;A6;L""}]"
"54f3c08e70819","""value"":""Y;U;A4;W""}]"
"54f3d973692ec","""value"":""N;U;A3;W""}]"
"54f6a6c89b2c5","""value"":""N;U;A7;W""}]"
"54f67c9f0c244","""value"":""N;U;A7;W""}]"
"54f496c5777e1","""value"":""N;U;A7;W""}]"
"54f50d781be13","""value"":""N;U;U;W""}]"
"54f4f5cf71aea","""value"":""N;U;A5;W""}]"
"54f341803317c","""value"":""N;C;A7;L""}]"
"54f609cc9d409","""value"":""N;C;I2;L""}]"
"54f3993377890","""value"":""Y;U;A7;W""}]"
"54f3cb2fbace8","""value"":""N;U;U;W""}]"
"54f4b0863714f","""value"":""N;U;A7;W""}]"
"54f3c6684a9ef","""value"":""N;U;A4;W""}]"
"54f46cb4b53c8","""value"":""N;U;A7;W""}]"
"54f3da8d1f3a5","""value"":""N;U;A7;W""}]"
"54f5c8861a40d","""value"":""N;U;U;L""}]"
"54e800f6b2fb4","""value"":""Y;U;A7;W""}]"
"54f600d76a28c","""value"":""N;U;A6;W""}]"
"54f4b21c5999a","""value"":""Y;U;A7;W""}]"
"54f56e67eb259","""value"":""Y;U;A3;W""}]"
"54f5a3eed3fa8","""value"":""N;U;A1;W""}]"
"54f4e032e347b","""value"":""Y;U;A7;W""}]"
"54f60b65bdff7","""value"":""N;U;U;W""}]"
"54f6169c54e16","""value"":""N;U;U;W""}]"
"54f38aa922da1","""value"":""N;U;A2;W""}]"
"54f6810622b7d","""value"":""N;U;A1;W""}]"
"54f5e90706726","""value"":""N;U;A4;W""}]"
"54c2697331f2b","""value"":""N;C;I2;L""}]"
"54f630d221e6e","""value"":""N;U;A3;W""}]"
"54f3dde44ce38","""value"":""N;U;A7;W""}]"
"54f5048b6d9ed","""value"":""N;U;A7;W""}]"
"54f5b1d3b6e64","""value"":""Y;U;A1;W""}]"
"54f38da0205cf","""value"":""N;U;I2;L""}]"
"54f3af4be9d7e","""value"":""N;U;A2;W""}]"
"54f391c65efba","""value"":""N;U;A4;W""}]"
"54f5f8a4818ec","""value"":""N;U;A1;W""}]"
"54f4950bec5b9","""value"":""N;C;I2;L""}]"
"54f5244dad497","""value"":""Y;U;A6;W""}]"
"54f64cef9eb82","""value"":""Y;U;A1;W""}]"
"54f49ab3af43b","""value"":""N;U;A1;W""}]"
"54f6b9529a306","""value"":""N;U;A7;W""}]"
"54f3c7e104912","""value"":""N;C;I3;L""}]"
"54f42a94981af","""value"":""N;U;A7;W""}]"
"54f68c5058d1d","""value"":""N;C;A3;L""}]"
"54f35dcbcebed","""value"":""N;U;A7;W""}]"
"54f45a31ebc78","""value"":""Y;U;A4;W""}]"
"54f64465b7bd3","""value"":""Y;U;A1;W""}]"
"54f681d8d081b","""value"":""N;U;A2;W""}]"
"54f601306a8a9","""value"":""N;U;A3;W""}]"
"54f3a4f93182d","""value"":""N;U;A7;W""}]"
"54f5ae27f2a13","""value"":""N;C;U;L""}]"
"54f493fcb5702","""value"":""N;U;A7;W""}]"
"54f49aadaae0a","""value"":""N;U;U;W""}]"
"54f3ddcba8713","""value"":""N;C;I1;L""}]"
"54f4f5965fc2a","""value"":""N;B;A4;L""}]"
"54f62cbee0a2d","""value"":""Y;U;A7;W""}]"
"54f3d7872a999","""value"":""Y;U;A7;W""}]"
"54f38b9c0e81b","""value"":""N;U;A6;L""}]"
"54f3bc6c26bd1","""value"":""N;U;A4;W""}]"
"54f68517e5cf7","""value"":""N;U;A7;L""}]"
"54f48a736ee77","""value"":""Y;U;A6;W""}]"
"54f4e6d624343","""value"":""N;U;A7;W""}]"
"54f698e278ed2","""value"":""N;C;A7;L""}]"
"54f67e27b49f4","""value"":""N;U;A5;W""}]"
"54f5ef005c9c6","""value"":""Y;U;A4;W""}]"
"54f48aa4e54fb","""value"":""N;U;A3;L""}]"
"54f62158b3272","""value"":""Y;U;A7;W""}]"
"54f5cc7f74627","""value"":""N;U;I2;W""}]"
"54f51fe9792b7","""value"":""N;U;I1;W""}]"
"54f391911c757","""value"":""Y;U;A1;W""}]"
"54f4d7b8a04fb","""value"":""N;U;I2;W""}]"
"54f4a835bb74a","""value"":""N;U;A7;W""}]"
"54f3e0f521a31","""value"":""N;U;A7;W""}]"
"54f49bed173a7","""value"":""N;U;A7;W""}]"
"54f33a044c620","""value"":""N;U;I4;L""}]"
"54f3a5bf88e0d","""value"":""N;C;A7;W""}]"
"54f6694c83351","""value"":""N;U;A7;W""}]"
"54f50a2a8e1a7","""value"":""N;U;I2;W""}]"
"54f4825f2c73b","""value"":""N;B;A5;L""}]"
"54f4eba277d46","""value"":""Y;U;A1;W""}]"
"54f526e8807cf","""value"":""N;U;A7;W""}]"
"54f3a92cb3e9f","""value"":""N;U;U;W""}]"
"54f3c233a935a","""value"":""N;C;U;L""}]"
"54f3dcfad4218","""value"":""N;U;A1;W""}]"
"54f3845d4035b","""value"":""N;U;A7;W""}]"
"54f3af50a2320","""value"":""N;U;A1;L""}]"
"54f51bc15e67b","""value"":""Y;U;A1;W""}]"
"54f317e30e823","""value"":""N;U;A7;W""}]"
"54f475c3b89d0","""value"":""N;U;I5;L""}]"
"54f63c98e4c3e","""value"":""N;U;A6;L""}]"
"54f38020bddb3","""value"":""Y;U;A5;W""}]"
"54f4fe1194fc4","""value"":""N;U;U;L""}]"
"54f4959b39e11","""value"":""N;U;A5;W""}]"
"54f67b3aba644","""value"":""N;U;A7;W""}]"
"544f107884ef3","""value"":""N;U;A7;W""}]"
"54f5232900766","""value"":""Y;U;A1;W""}]"
"54f671f0673f3","""value"":""N;U;A7;W""}]"
"54f36f9875c63","""value"":""Y;U;A1;W""}]"
"54f37e753c498","""value"":""N;U;I4;W""}]"
"54f526651e16c","""value"":""N;U;A5;W""}]"
"54f3d6bf8167f","""value"":""N;C;A7;L""}]"
"54f3d77c60257","""value"":""N;C;I4;W""}]"
"54f3b9bfd9a7b","""value"":""Y;U;A1;W""}]"
"54f48f379f520","""value"":""N;C;A7;L""}]"
"54f341760ece3","""value"":""N;U;I3;W""}]"
"54ef6d9ad381b","""value"":""N;U;A7;W""}]"
"54f5c288b8b58","""value"":""N;U;A5;W""}]"
"54f5dfd1b796c","""value"":""N;U;A7;W""}]"
"54f4bcd05eb67","""value"":""N;C;I2;L""}]"
"54f5f4d0c6498","""value"":""N;U;A7;W""}]"
"54f3dd2cbb80b","""value"":""N;U;A7;W""}]"
"54f3c5bc88743","""value"":""N;U;A1;W""}]"
"54f36cca176c7","""value"":""N;U;I6;L""}]"
"54f3b23e928b3","""value"":""N;C;A2;L""}]"
"54f4961ccfbd4","""value"":""N;U;A7;W""}]"
"54f38a375abb8","""value"":""N;U;A7;W""}]"
"54f51b403a435","""value"":""N;C;A6;L""}]"
"54f66a7c57ff7","""value"":""N;U;A7;W""}]"
"54f3a28966479","""value"":""Y;U;A1;W""}]"
"54f53b6e68331","""value"":""N;U;A2;W""}]"
"54f55b047a933","""value"":""N;U;A7;W""}]"
"54f3799f38e5d","""value"":""N;U;A4;W""}]"
"54f3d47eb7d01","""value"":""N;U;A7;W""}]"
"54f69fbd537f4","""value"":""N;C;A4;L""}]"
"54f398a046168","""value"":""N;U;I2;W""}]"
"54f3ec85329af","""value"":""N;U;A7;W""}]"
"54f3c1a6a1eab","""value"":""N;U;A1;W""}]"
"54f4eaf82039e","""value"":""N;U;A1;W""}]"
"54f5f30e710a2","""value"":""N;C;I1;L""}]"
"54f3d0c6eaccb","""value"":""N;U;A7;W""}]"
"54f3f0502ead9","""value"":""N;U;A7;W""}]"
"54f68f8263a07","""value"":""N;U;A6;W""}]"
"54f56727ebf6b","""value"":""N;U;A7;W""}]"
"54f3dcd1b152e","""value"":""N;U;A1;L""}]"
"54f3d4600482c","""value"":""N;U;A7;W""}]"
"54f3939507aad","""value"":""N;U;A7;W""}]"
"54f48ae0441be","""value"":""N;U;I1;L""}]"
"54f4a1485c2d1","""value"":""N;U;A7;W""}]"
"54f4f6fc7635b","""value"":""N;C;A4;W""}]"
"54f4d9f938362","""value"":""N;C;A7;L""}]"
"54f4b35f90cbc","""value"":""Y;U;A7;W""}]"
"54f4e95e5f4f6","""value"":""Y;U;A2;W""}]"
"54f4928d2e8c6","""value"":""N;U;I1;W""}]"
"54f51b188da23","""value"":""N;U;A7;W""}]"
"54f686291b940","""value"":""N;U;I1;W""}]"
"54f68412d4520","""value"":""N;U;A7;W""}]"
"54f5ad3108164","""value"":""N;C;A7;W""}]"
"54f4c4e90dcbd","""value"":""N;U;A7;W""}]"
"54f3ab0dd118f","""value"":""N;C;U;L""}]"
"54f617797b690","""value"":""N;U;A6;W""}]"
"54f4055e96aad","""value"":""N;U;I1;W""}]"
"54f371cdb6723","""value"":""Y;U;A5;W""}]"
"54f38bfee4e36","""value"":""Y;U;A7;W""}]"
"54f64e14cd940","""value"":""N;U;I4;L""}]"
"54f52870787d9","""value"":""N;C;I3;L""}]"
"54f5c8d54b525","""value"":""N;U;A2;W""}]"
"54f5268b63087","""value"":""N;U;A7;W""}]"
"54f4b6336863f","""value"":""N;C;I4;L""}]"
"54e117182152b","""value"":""N;U;I5;W""}]"
"54f50d4fca11f","""value"":""N;U;A7;W""}]"
"54f39c7ccbb1b","""value"":""N;U;A7;W""}]"
"54f5ff56ddd4b","""value"":""N;U;A3;W""}]"
"54f682db7d269","""value"":""N;U;A3;W""}]"
"54f37b7f1157f","""value"":""N;U;I3;W""}]"
"54f53bb54fc55","""value"":""N;U;I5;L""}]"
"54f3d896731ba","""value"":""N;U;A1;L""}]"
"54f5c4335e6a0","""value"":""N;U;A7;W""}]"
"54f483905a1fc","""value"":""Y;U;A7;W""}]"
"54f39420d5e70","""value"":""N;C;I1;L""}]"
"54f64562773c4","""value"":""Y;U;A2;W""}]"
"54f59811c4e94","""value"":""Y;U;A7;W""}]"
"54f60d8816f43","""value"":""N;U;A7;W""}]"
"54f39a0bcb906","""value"":""Y;U;A2;W""}]"
"54f3a168917a8","""value"":""N;U;A7;W""}]"
"54f48afa6c525","""value"":""N;U;A7;W""}]"
"54f363011e90f","""value"":""N;U;A1;W""}]"
"54f414e73a784","""value"":""Y;U;A4;W""}]"
"54f53e9777a40","""value"":""N;U;A7;W""}]"
"54f471f406422","""value"":""N;C;A7;L""}]"
"54f340e0a3e4b","""value"":""Y;U;A7;W""}]"
"54f550ccb2074","""value"":""N;U;A6;W""}]"
"54f520da76027","""value"":""N;U;U;W""}]"
"54f673d2e38c3","""value"":""N;C;A1;L""}]"
"54f5fc29d41a0","""value"":""N;U;A7;W""}]"
"54f5d9e5afde3","""value"":""N;U;A7;W""}]"
"54f6569153b0a","""value"":""N;U;A7;W""}]"
"54f43b5f5b2c3","""value"":""N;U;A7;W""}]"
"54f4c73521ac9","""value"":""N;U;A4;W""}]"
"54f5c31f25973","""value"":""N;U;A7;W""}]"
"54f4aa9a62bd5","""value"":""Y;U;A5;W""}]"
"54f67a1a312d1","""value"":""N;U;A7;W""}]"
"54f3c6e62abb5","""value"":""N;C;I4;L""}]"
"54f4bcc595c56","""value"":""N;U;I4;W""}]"
"54f4bee17cce4","""value"":""N;U;A7;W""}]"
"54f6960aee569","""value"":""N;U;A7;W""}]"
"54f395eed67ab","""value"":""N;C;A5;L""}]"
"54f37f0e6e79a","""value"":""N;U;A1;W""}]"
"54f484f37251a","""value"":""Y;U;A1;W""}]"
"54f3e24a2c38d","""value"":""N;U;I1;W""}]"
"54f36b1d27961","""value"":""N;U;A7;W""}]"
"54f538449382f","""value"":""N;U;A7;W""}]"
"54f65c7935d20","""value"":""N;U;A1;W""}]"
"54f3e241614cc","""value"":""N;U;I1;W""}]"
"54f3b65d732e5","""value"":""N;C;I1;L""}]"
"54f4add3d289e","""value"":""Y;U;A7;W""}]"
"54f68f9146aa1","""value"":""N;U;I2;W""}]"
"54f4954a94721","""value"":""Y;U;A3;W""}]"
"54f44794eb9fe","""value"":""N;U;A7;W""}]"
"54f67c2e01a0b","""value"":""N;C;A4;L""}]"
"54f34c869f1d8","""value"":""N;U;I4;W""}]"
"54f3dc17e6273","""value"":""N;U;A7;W""}]"
"54f61935ceb7c","""value"":""N;U;A1;W""}]"
"54f316ab241dc","""value"":""N;U;A7;W""}]"
"54f5528ea41f9","""value"":""N;C;A7;L""}]"
"54f57c791eae6","""value"":""N;U;A3;W""}]"
"54f5e576955d3","""value"":""N;U;A7;W""}]"
"54f60cdb1cb3d","""value"":""N;U;A7;W""}]"
"54f49d0e8de74","""value"":""N;U;A7;W""}]"
"54f4fa90b94fe","""value"":""N;U;U;L""}]"
"54f63d128d4ca","""value"":""N;U;A4;W""}]"
"54f68317ef5b0","""value"":""Y;U;A4;W""}]"
"54f67e4ae9e48","""value"":""N;C;U;L""}]"
"54f6228f7cacc","""value"":""Y;U;A1;W""}]"
"54f4919881e6f","""value"":""N;U;A5;W""}]"
"54f3dbf1392ae","""value"":""N;U;I1;W""}]"
"54f3765389042","""value"":""N;U;I3;W""}]"
"54f334a48da25","""value"":""N;U;A7;L""}]"
"54f3d3d752151","""value"":""N;U;A7;W""}]"
"54f68073e9ec5","""value"":""N;C;I4;L""}]"
"54f47bc891799","""value"":""N;U;A5;W""}]"
"54f64ae5048d4","""value"":""N;U;A1;W""}]"
"54f67e5d461c8","""value"":""N;U;U;W""}]"
"54f47ea7447bc","""value"":""N;U;I1;W""}]"
"54f63f6b68f0c","""value"":""N;C;A7;L""}]"
"54f4e4b2ba9c6","""value"":""N;U;A7;W""}]"
"54f63f5061fab","""value"":""N;U;I3;L""}]"
"54f686e707f02","""value"":""N;C;I2;L""}]"
"54f461031b03b","""value"":""N;U;I2;W""}]"
"54f48693ada67","""value"":""N;U;A3;W""}]"
"54f4549008dd2","""value"":""N;U;A4;W""}]"
"54f48bbb8aa10","""value"":""N;U;A1;W""}]"
"54f3c781bca8e","""value"":""N;U;A7;W""}]"
"54f31a3011614","""value"":""N;U;A7;W""}]"
"54f3f197a4f48","""value"":""N;U;A7;W""}]"
"54f693275be56","""value"":""Y;U;A7;W""}]"
"54f524ae8e89d","""value"":""N;U;A7;W""}]"
"54f5604971837","""value"":""N;U;A3;W""}]"
"54f4713263503","""value"":""N;U;I1;W""}]"
"54f363cbe110f","""value"":""N;U;A7;W""}]"
"54f4300b0e683","""value"":""N;C;I2;L""}]"
"54f664e80d0a2","""value"":""N;U;A7;W""}]"
"54f396a921319","""value"":""N;U;A7;W""}]"
"54f4ff8ad6503","""value"":""N;U;A3;W""}]"
"54f4046a501d1","""value"":""N;C;U;L""}]"
"54f68b9bac989","""value"":""Y;U;A1;W""}]"
"546a7eac46468","""value"":""N;C;I3;L""}]"
"54f68a71bf845","""value"":""N;C;A1;L""}]"
"54f5a7db83fe8","""value"":""N;U;U;W""}]"
"54f4b35d14a97","""value"":""Y;U;A2;W""}]"
"54f3c53b0a742","""value"":""Y;U;A7;W""}]"
"54f4e3d3cbd47","""value"":""N;U;A7;W""}]"
"54f4998200ad5","""value"":""Y;U;A5;W""}]"
"54f4ad80488b8","""value"":""N;U;A7;W""}]"
"54f2e865dedc0","""value"":""N;U;A4;W""}]"
"54d8e2a98f41c","""value"":""N;C;A7;L""}]"
"54f44ef0eecf1","""value"":""N;U;A6;W""}]"
"54f4a6998d8cb","""value"":""N;U;A7;W""}]"
"54f3e05b3480f","""value"":""N;U;A6;L""}]"
"54f4cbefc0655","""value"":""N;U;I1;W""}]"
"54f63eaf99d56","""value"":""N;U;U;L""}]"
"54f4e629cc7b1","""value"":""N;U;A4;W""}]"
"54f4f2e1646b9","""value"":""Y;U;A3;W""}]"
"54f4d6be00269","""value"":""N;U;A1;W""}]"
"54f380d364ce5","""value"":""N;U;A7;L""}]"
"54f53ee2403c4","""value"":""N;U;I4;W""}]"
"54f3581aef6ef","""value"":""N;U;A7;W""}]"
"54f5d9090ee4c","""value"":""Y;U;A1;W""}]"
"54f550dd5ffd1","""value"":""N;U;A7;W""}]"
"54f324e8b74da","""value"":""Y;U;A6;W""}]"
"54f381f57762b","""value"":""N;U;A7;W""}]"
"54f5b1c61abed","""value"":""N;U;A7;W""}]"
"54f3daf6e34e3","""value"":""N;C;A7;L""}]"
"54f5228870451","""value"":""N;U;I2;W""}]"
"54f5269b65387","""value"":""N;C;A7;L""}]"
"54f3d9047bdea","""value"":""Y;U;A4;W""}]"
"54f3706c3fc33","""value"":""N;U;A7;W""}]"
"54f63a2d7f401","""value"":""N;U;A7;W""}]"
"54f540c38b3d2","""value"":""N;U;A7;W""}]"
"54f366a7d6047","""value"":""N;U;A1;W""}]"
"54ecb3532c552","""value"":""N;U;I2;W""}]"
"54f3440598210","""value"":""N;U;A7;W""}]"
"54f2fbf02ed4a","""value"":""N;U;A7;L""}]"
"54f123f378d4a","""value"":""N;C;A5;L""}]"
"54f4be2da6fbe","""value"":""N;U;A7;W""}]"
"54f57f1dd34e0","""value"":""N;C;A2;W""}]"
"54f47dbb7c2e6","""value"":""N;U;A7;W""}]"
"54f620ab133f3","""value"":""N;C;I1;L""}]"
"54f35076bacea","""value"":""Y;U;A7;W""}]"
"54f5bfad90db1","""value"":""Y;U;A7;W""}]"
"54f5b64ac8dee","""value"":""N;U;I1;W""}]"
"54f3ddce586f5","""value"":""N;U;A7;W""}]"
"54f5d3fa8523c","""value"":""Y;U;A1;W""}]"
"54f3d40dbcecd","""value"":""N;U;A7;W""}]"
"54f4955613a69","""value"":""N;U;U;L""}]"
"54f3d4d965170","""value"":""N;U;A7;W""}]"
"54f4ef0ef158a","""value"":""N;U;A1;W""}]"
"54f361e3afa03","""value"":""N;U;I1;W""}]"
"54f5b8b75734a","""value"":""N;U;A7;W""}]"
"54f51a514c17e","""value"":""N;U;U;L""}]"
"54b9974e1ba6c","""value"":""N;U;A7;W""}]"
"54f61e2bc2cbb","""value"":""N;U;A7;W""}]"
"54f34395af52d","""value"":""N;U;I2;W""}]"
"54f66d30152ee","""value"":""N;U;A7;W""}]"
"54f390a951901","""value"":""Y;U;A1;W""}]"
"54f50975588ea","""value"":""N;U;A7;W""}]"
"54f4e3bb16acf","""value"":""N;U;A5;W""}]"
"54f66d09692c5","""value"":""N;U;A1;W""}]"
"54f67ff0ad53a","""value"":""N;U;A7;W""}]"
"54810052cb4a2","""value"":""N;U;U;W""}]"
"54f52b7f90898","""value"":""N;U;A7;W""}]"
"54f6248673bf6","""value"":""N;U;A5;W""}]"
"54f37e0295aac","""value"":""N;U;A7;W""}]"
"54f522cc280f5","""value"":""N;U;A7;W""}]"
"54f674466009a","""value"":""N;U;A3;W""}]"
"54f5f02e4e216","""value"":""N;C;U;L""}]"
"54f3c91e8a516","""value"":""N;U;A6;W""}]"
"54f5e05f20fb5","""value"":""N;U;A2;W""}]"
"54f3dee219a2f","""value"":""Y;U;A4;W""}]"
"54f4101abb554","""value"":""N;U;A4;W""}]"
"54f5ddbbe070f","""value"":""N;U;A7;W""}]"
"54f3d3f54c1ff","""value"":""N;U;U;W""}]"
"54f65a588eb4d","""value"":""N;U;I2;W""}]"
"54f6003901cc4","""value"":""N;U;I2;W""}]"
"54f5124882e23","""value"":""Y;U;A7;W""}]"
"54f46caaaf5d6","""value"":""N;U;A7;L""}]"
"54f5cc970ca11","""value"":""N;U;A3;W""}]"
"54f4aa8d4591e","""value"":""N;U;A7;W""}]"
"54f47b526035b","""value"":""Y;U;A1;W""}]"
"54f667b4c5dd4","""value"":""N;U;A4;W""}]"
"54f5db109daa7","""value"":""Y;U;A1;W""}]"
"54f546d770b25","""value"":""Y;U;A7;W""}]"
"54f4f4999e84d","""value"":""N;U;A7;W""}]"
"54f462ac5e4c8","""value"":""N;U;A7;W""}]"
"54f3d7e0697c7","""value"":""N;U;A7;W""}]"
"54f50ba7ceefc","""value"":""N;U;A5;W""}]"
"54f3ae583175f","""value"":""N;U;I1;W""}]"
"54f5c18bf1ffa","""value"":""Y;U;A7;W""}]"
"54f4f2ae55f81","""value"":""Y;U;A1;W""}]"
"54f3721d77357","""value"":""Y;U;A1;W""}]"
"54f54cb9a5f8c","""value"":""N;U;A2;L""}]"
"54f50fd2c72a2","""value"":""N;C;I4;L""}]"
"54f5226c99d65","""value"":""Y;U;A1;W""}]"
"54f405cb3d0d7","""value"":""N;U;I2;W""}]"
"54f358d86534a","""value"":""N;U;A7;W""}]"
"54f3bec2dd59b","""value"":""Y;U;A1;W""}]"
"54f379e1ac2b6","""value"":""N;U;U;W""}]"
"54f359582540a","""value"":""N;U;A7;W""}]"
"54f397b01bf9b","""value"":""N;U;I1;W""}]"
"54f326a248572","""value"":""N;C;A3;L""}]"
"54f3f532a6bdb","""value"":""N;U;A4;W""}]"
"54f49acd5da13","""value"":""Y;U;A1;W""}]"
"54f3925c7679e","""value"":""N;C;I2;L""}]"
"54f34bd522562","""value"":""N;U;A7;W""}]"
"54f31683b28fb","""value"":""N;U;A7;W""}]"
"54f648976ac62","""value"":""N;U;A7;W""}]"
"54f46fee6b5c3","""value"":""N;U;A7;W""}]"
"54f6817e6d154","""value"":""N;U;A7;W""}]"
"54f5e700d2748","""value"":""N;C;A4;L""}]"
"54f4419b1eb4c","""value"":""Y;U;A7;W""}]"
"54f35a1c6cf98","""value"":""N;U;A7;W""}]"
"54f40cb29b24d","""value"":""N;U;I1;W""}]"
"54f69e2bcbee0","""value"":""N;U;I6;W""}]"
"54f4fcc757e62","""value"":""N;U;A7;W""}]"
"54f525426e116","""value"":""N;U;A7;W""}]"
"54f67f4e35a99","""value"":""Y;U;A1;W""}]"
"54f4bfc9bd477","""value"":""Y;U;A1;W""}]"
"54f45edd13582","""value"":""N;U;A7;W""}]"
"54f4d55080113","""value"":""N;C;A7;L""}]"
"54f534614d44b","""value"":""N;U;U;W""}]"
"54f383ee53069","""value"":""N;U;U;W""}]"
"54f40656a4be4","""value"":""Y;U;A1;W""}]"
"54f5d4e063d6a","""value"":""N;U;A4;W""}]"
"54f3d683ebe92","""value"":""N;U;A7;W""}]"
"54f6630b5a699","""value"":""N;U;I2;W""}]"
"54f4ef0404d9c","""value"":""N;U;A7;W""}]"
"54f67ca8260cd","""value"":""N;U;A7;W""}]"
"54f5240f42515","""value"":""N;U;I2;L""}]"
"54dc98896683a","""value"":""N;U;A7;W""}]"
"54f3fcdd604fa","""value"":""N;U;A4;L""}]"
"54f5eb32d1a5b","""value"":""N;U;A1;W""}]"
"54f34bd1a812a","""value"":""N;C;A2;L""}]"
"54f34aa1e1f00","""value"":""Y;U;A1;W""}]"
"54f47d97846bc","""value"":""N;U;I4;L""}]"
"54f5337f14bd6","""value"":""N;U;A4;W""}]"
