No,ID,Title,Link,Difficulty
1,1,Two Sum,https://leetcode.com/problems/two-sum/,Easy
2,2,Add Two Numbers,https://leetcode.com/problems/add-two-numbers/,Medium
3,3,Longest Substring Without Repeating Characters,https://leetcode.com/problems/longest-substring-without-repeating-characters/,Medium
4,4,Median of Two Sorted Arrays,https://leetcode.com/problems/median-of-two-sorted-arrays,Hard
5,5,Longest Palindromic Substring,https://leetcode.com/problems/longest-palindromic-substring/,Medium
6,10,Regular Expression Matching,https://leetcode.com/problems/regular-expression-matching/,Hard
7,11,Container With Most Water,https://leetcode.com/problems/container-with-most-water/,Medium
8,15,3Sum,https://leetcode.com/problems/3sum/,Medium
9,17,Letter Combinations of a Phone Number,https://leetcode.com/problems/letter-combinations-of-a-phone-number/,Medium
10,19,Remove Nth Node From End of List,https://leetcode.com/problems/remove-nth-node-from-end-of-list/,Easy
11,20,Valid Parentheses,https://leetcode.com/problems/valid-parentheses/,Easy
12,21,Merge Two Sorted Lists,https://leetcode.com/problems/merge-two-sorted-lists/,Easy
13,22,Generate Parentheses,https://leetcode.com/problems/generate-parentheses/,Medium
14,23,Merge k Sorted Lists,https://leetcode.com/problems/merge-k-sorted-lists/,Hard
15,32,Longest Valid Parentheses,https://leetcode.com/problems/longest-valid-parentheses/,Hard
16,33,Search in Rotated Sorted Array,https://leetcode.com/problems/search-in-rotated-sorted-array/,Medium
17,34,Search for a Range,https://leetcode.com/problems/search-for-a-range/,Medium
18,35,Search Insert Position,https://leetcode.com/problems/search-insert-position/,Medium
19,39,Combination Sum,https://leetcode.com/problems/combination-sum/,Medium
20,42,Trapping Rain Water,https://leetcode.com/problems/trapping-rain-water/,Hard
21,46,Permutations,https://leetcode.com/problems/permutations/,Medium
22,48,Rotate Image,https://leetcode.com/problems/rotate-image/,Medium
23,49,Group Anagrams,https://leetcode.com/problems/anagrams/,Medium
24,53,Maximum Subarray,https://leetcode.com/problems/maximum-subarray/,Medium
25,55,Jump Game,https://leetcode.com/problems/jump-game/,Medium
26,56,Merge Intervals,https://leetcode.com/problems/merge-intervals/,Medium
27,62,Unique Paths,https://leetcode.com/problems/unique-paths/,Medium
28,64,Minimum Path Sum,https://leetcode.com/problems/minimum-path-sum/,Medium
29,70,Climbing Stairs,https://leetcode.com/problems/climbing-stairs/,Easy
30,72,Edit Distance,https://leetcode.com/problems/edit-distance/,Hard
31,75,Sort Colors,https://leetcode.com/problems/sort-colors/,Medium
32,76,Minimum Window Substring,https://leetcode.com/problems/minimum-window-substring,Hard
33,78,Subsets,https://leetcode.com/problems/subsets/,Medium
34,79,Word Search,https://leetcode.com/problems/word-search/,Medium
35,84,Largest Rectangle in Histogram,https://leetcode.com/problems/largest-rectangle-in-histogram,Hard
36,85,Maximal Rectangle,https://leetcode.com/problems/maximal-rectangle,Hard
37,94,Binary Tree Inorder Traversal,https://leetcode.com/problems/binary-tree-inorder-traversal/,Medium
38,96,Unique Binary Search Trees,https://leetcode.com/problems/unique-binary-search-trees/,Medium
39,98,Validate Binary Search Tree,https://leetcode.com/problems/validate-binary-search-tree/,Medium
40,100,Same Tree,https://leetcode.com/problems/same-tree/,Easy
41,101,Symmetric Tree,https://leetcode.com/problems/symmetric-tree/,Easy
42,102,Binary Tree Level Order Traversal,https://leetcode.com/problems/binary-tree-level-order-traversal/,Easy
43,104,Maximum Depth of Binary Tree,https://leetcode.com/problems/maximum-depth-of-binary-tree/,Easy
44,105,Construct Binary Tree from Preorder and Inorder Traversal,https://leetcode.com/problems/construct-binary-tree-from-preorder-and-inorder-traversal/,Medium
45,114,Flatten Binary Tree to Linked List,https://leetcode.com/problems/flatten-binary-tree-to-linked-list/,Medium
46,121,Best Time to Buy and Sell Stock,https://leetcode.com/problems/best-time-to-buy-and-sell-stock/,Easy
47,124,Binary Tree Maximum Path Sum,https://leetcode.com/problems/binary-tree-maximum-path-sum/,Hard
48,128,Longest Consecutive Sequence,https://leetcode.com/problems/longest-consecutive-sequence/,Hard
49,136,Single Number,https://leetcode.com/problems/single-number,Easy
50,139,Word Break,https://leetcode.com/problems/word-break/,Medium
51,141,Linked List Cycle,https://leetcode.com/problems/linked-list-cycle/,Easy
52,142,Linked List Cycle II,https://leetcode.com/problems/linked-list-cycle-ii/,Medium
53,146,LRU Cache,https://leetcode.com/problems/lru-cache/,Hard
54,148,Sort List,https://leetcode.com/problems/sort-list/,Medium
55,152,Maximum Product Subarray,https://leetcode.com/problems/maximum-product-subarray/,Medium
56,155,Min Stack,https://leetcode.com/problems/min-stack/,Easy
57,160,Intersection of Two Linked Lists,https://leetcode.com/problems/intersection-of-two-linked-lists/,Easy
58,169,Majority Element,https://leetcode.com/problems/majority-element/,Easy
59,198,House Robber,https://leetcode.com/problems/house-robber/,Easy
60,200,Number of Islands,https://leetcode.com/problems/number-of-islands/,Medium
61,206,Reverse Linked List,https://leetcode.com/problems/reverse-linked-list/,Easy
62,207,Course Schedule,https://leetcode.com/problems/course-schedule/,Medium
63,208,Implement Trie (Prefix Tree),https://leetcode.com/problems/implement-trie-prefix-tree/,Medium
64,215,Kth Largest Element in an Array,https://leetcode.com/problems/kth-largest-element-in-an-array/,Medium
65,218,Subarray Sum Equals K,https://leetcode.com/problems/subarray-sum-equals-k,Hard
66,221,Maximal Square,https://leetcode.com/problems/maximal-square/,Medium
67,226,Invert Binary Tree,https://leetcode.com/problems/invert-binary-tree/,Easy
68,234,Palindrome Linked List,https://leetcode.com/problems/palindrome-linked-list/,Easy
69,236,Lowest Common Ancestor of a Binary Tree,https://leetcode.com/problems/lowest-common-ancestor-of-a-binary-tree/,Medium
70,238,Product of Array Except Self,https://leetcode.com/problems/product-of-array-except-self/,Medium
71,239,Sliding Window Maximum,https://leetcode.com/problems/sliding-window-maximum/,Hard
72,240,Search a 2D Matrix II,https://leetcode.com/problems/search-a-2d-matrix-ii/,Medium
73,279,Perfect Squares,https://leetcode.com/problems/perfect-squares/,Medium
74,283,Move Zeroes,https://leetcode.com/problems/move-zeroes/,Easy
75,287,Find the Duplicate Number,https://leetcode.com/problems/find-the-duplicate-number/,Hard
76,297,Serialize and Deserialize Binary Tree,https://leetcode.com/problems/serialize-and-deserialize-binary-tree/,Hard
77,300,Longest Increasing Subsequence,https://leetcode.com/problems/longest-increasing-subsequence/,Medium
78,309,Best Time to Buy and Sell Stock with Cooldown,https://leetcode.com/problems/best-time-to-buy-and-sell-stock-with-cooldown/,Medium
79,312,Burst Balloons,https://leetcode.com/problems/burst-balloons/,Hard
80,322,Coin Change,https://leetcode.com/problems/coin-change/,Medium
81,337,House Robber III,https://leetcode.com/problems/house-robber-iii/,Medium
82,338,Counting Bits,https://leetcode.com/problems/counting-bits/,Medium
83,347,Top K Frequent Elements,https://leetcode.com/problems/top-k-frequent-elements/,Medium
84,394,Decode String,https://leetcode.com/problems/decode-string/,Medium
85,406,Queue Reconstruction by Height,https://leetcode.com/problems/queue-reconstruction-by-height/,Medium
86,416,Partition Equal Subset Sum,https://leetcode.com/problems/partition-equal-subset-sum/,Medium
87,437,Path Sum III,https://leetcode.com/problems/path-sum-iii/,Easy
88,438,Find All Anagrams in a String,https://leetcode.com/problems/find-all-anagrams-in-a-string/,Easy
89,448,Find All Numbers Disappeared in an Array,https://leetcode.com/problems/find-all-numbers-disappeared-in-an-array/,Easy
90,461,Hamming Distance,https://leetcode.com/problems/hamming-distance/,Easy
91,494,Target Sum,https://leetcode.com/problems/target-sum/,Medium
92,538,Convert BST to Greater Tree,https://leetcode.com/problems/convert-bst-to-greater-tree/description/,Easy
93,543,Diameter of Binary Tree,https://leetcode.com/problems/diameter-of-binary-tree/description/,Easy
94,560,Subarray Sum Equals K,https://leetcode.com/problems/subarray-sum-equals-k,Medium
95,572,Subtree of Another Tree,https://leetcode.com/problems/subtree-of-another-tree/description/,Easy
96,581,Shortest Unsorted Continuous Subarray,https://leetcode.com/problems/shortest-unsorted-continuous-subarray/description/,Easy
97,617,Merge Two Binary Trees,https://leetcode.com/problems/merge-two-binary-trees/description/,Easy
98,621,Task Scheduler,https://leetcode.com/problems/task-scheduler,Medium
99,647,Palindromic Substrings,https://leetcode.com/problems/palindromic-substrings,Medium
100,695,Max Area of Island,,Easy